model,doppler,rician_k,psp_step,snr,ser_mean,ser_std,ser_ci95,n_reps,words_run,bits_run,errors_observed,censored,model_size,run_time_sec,source
ClassicViterbi_genie,0.005,3.0,,7,0.07057733340263367,0.006125395482911877,0.0016978730038992424,50,6250,100000,7057.733340263367,0,0,209.05658602714539,vm:cpu
ClassicViterbi_genie,0.001,3.0,,7,0.06824266657829285,0.01350831324249463,0.003744313399294717,50,6250,100000,6824.266657829285,0,0,213.1500449180603,vm:cpu
ClassicViterbi_LS,0.005,3.0,,7,0.15699466683864594,0.02579306024803657,0.007149471541104414,50,6250,100000,15699.466683864594,0,0,207.49528217315674,vm:cpu
ClassicViterbi_LS,0.001,3.0,,7,0.17099733346223828,0.04796285050775839,0.01329462388091646,50,6250,100000,17099.73334622383,0,0,207.13812136650085,vm:cpu
ClassicViterbi_PSP,0.005,3.0,0.01,7,0.15321733316421512,0.03939425886125049,0.010919531451598517,50,6250,100000,15321.733316421509,0,0,78.53106498718262,vm:cpu
ClassicViterbi_PSP,0.001,3.0,0.01,7,0.14941866647750138,0.05523007325997016,0.015308995256401446,50,6250,100000,14941.86664775014,0,0,80.4127128124237,vm:cpu
ViterbiNet_on5,0.005,3.0,,7,0.13408800010204314,0.01321433590814077,0.003662827039573107,50,6250,100000,13408.800010204315,0,7002,280.42738580703735,vm:cpu
ViterbiNet_on5,0.001,3.0,,7,0.13327466671705246,0.026013109052345013,0.007210465957778063,50,6250,100000,13327.466671705246,0,7002,300.4990437030792,vm:cpu
VNet_affine,0.005,3.0,,7,0.1325426666545868,0.012890264231826735,0.003572998953847546,50,6250,100000,13254.26666545868,0,32,746.9877853393555,vm:cpu
ClassicViterbi_genie,0.03,3.0,,7,0.07368266681671143,0.0033900894483620313,0.0009396848532041757,50,6250,100000,7368.266681671143,0,0,221.84783792495728,vm:cpu
