receiver,snr,n_reps,mean_diff_rs_minus_oracle,ci95,ser_oracle,ser_rs,verdict
LS-Viterbi,7,20,0.00011805596450964618,0.00033941881919377615,0.023673611134290697,0.023791667098800342,not resolved
VNet-affine K=200,7,20,0.0007708339144786198,0.0005610446322491831,0.024892361064751945,0.025663194979230565,RS higher
ViterbiNet K=200,7,20,-0.00016666742662588656,0.0019585492754491383,0.03221527973810832,0.03204861231148243,not resolved
ViterbiNet K=5,7,20,0.0001770829906066255,0.0005561251679591009,0.024937500283122065,0.025114583273728692,not resolved
LS-Viterbi,10,20,1.7361094554265356e-05,5.3638298420355136e-05,0.001534721553325653,0.0015520826478799183,not resolved
VNet-affine K=200,10,20,-2.4305631717046087e-05,0.00011321451223606857,0.0017361105233430862,0.00171180489162604,not resolved
ViterbiNet K=200,10,20,0.00030208331843217204,0.001080577483724963,0.004138887499769529,0.004440970818201701,not resolved
ViterbiNet K=5,10,20,-0.0001006945222616195,0.0001849011335929808,0.0018124992152055105,0.0017118046929438906,not resolved
LS-Viterbi,12,30,0.0,0.0,4.629628525839911e-05,4.629628525839911e-05,not resolved
VNet-affine K=200,12,30,-2.314829164081149e-06,4.734357222852031e-06,7.870369487338596e-05,7.638886570930481e-05,not resolved
ViterbiNet K=200,12,30,4.62963514857822e-05,0.00018628689625936387,0.0006736107336150275,0.0007199070851008095,not resolved
ViterbiNet K=5,12,30,-6.944454378551907e-06,5.2018161402231325e-05,0.00010648144616021049,9.953699178165861e-05,not resolved
