receiver_a,receiver_b,snr,n_shared_reps,mean_diff,ci95,ser_a_shared,ser_b_shared,reps_a_better,reps_b_better,corr,verdict
ClassicViterbi_LS,ViterbiNet_on5,0,20,-0.0015555555373430244,0.0020294508774832574,0.18903819436828298,0.190593749905626,13,7,0.5357718743484644,not resolved
ClassicViterbi_LS,VNet_affine,0,20,-0.0024270836760600404,0.002012286980853312,0.18903819436828298,0.191465278044343,13,7,0.5982190233362532,LS better
ClassicViterbi_LS,ViterbiNet_on5,1,20,-0.0026284719258546805,0.002302983409436973,0.1636736117800077,0.16630208370586236,15,5,0.45522058184592074,LS better
ClassicViterbi_LS,VNet_affine,1,20,-0.0014375005662441251,0.0018466234743288183,0.1636736117800077,0.1651111123462518,13,7,0.5806062092418055,not resolved
ClassicViterbi_LS,ViterbiNet_on5,2,20,-0.0007465277115503932,0.0015253026159993033,0.1362048610796531,0.1369513887912035,12,8,0.7165162708763569,not resolved
ClassicViterbi_LS,VNet_affine,2,20,-0.0019027776271104801,0.0016101478426494681,0.1362048610796531,0.1381076387067636,14,6,0.6175591690497918,LS better
ClassicViterbi_LS,ViterbiNet_on5,3,20,-0.0014340278754631675,0.0015538447094096464,0.10905555422107378,0.11048958209653696,13,7,0.6405460356490553,not resolved
ClassicViterbi_LS,VNet_affine,3,20,-0.0019027779499689742,0.0018253754261909724,0.10905555422107378,0.11095833217104276,14,6,0.405057006868542,LS better
ClassicViterbi_LS,ViterbiNet_on5,4,20,-0.0007569443931182251,0.001250956423044329,0.0831979157278935,0.08395486012101175,12,8,0.608917584454693,not resolved
ClassicViterbi_LS,VNet_affine,4,20,-0.002215278173486393,0.0015215812950578425,0.0831979157278935,0.0854131939013799,16,4,0.465342998374929,LS better
ClassicViterbi_LS,VNet_affine,5,20,-0.0026006944974263507,0.001527545858294265,0.059527779445052144,0.06212847394247849,17,3,0.17089248148839514,LS better
ClassicViterbi_LS,ViterbiNet_on5,6,20,-0.0018333337455987936,0.0010791426410546282,0.04003819726407527,0.04187153100967407,17,3,0.2132607309490076,LS better
ClassicViterbi_LS,VNet_affine,6,20,-0.003819444626569748,0.002255830241321434,0.04003819726407527,0.043857641890645026,15,5,-0.06018855648902605,LS better
ClassicViterbi_LS,ViterbiNet_on5,7,20,-0.0018541669100522996,0.0010652307304219587,0.023673611134290697,0.025527778044342996,17,3,0.08899550607692747,LS better
ClassicViterbi_LS,VNet_affine,7,20,-0.0036041674762964243,0.0032067548165053096,0.023673611134290697,0.027277778610587118,16,4,0.0881439492658354,LS better
ClassicViterbi_LS,VNet_affine,8,20,-0.00046180566151936855,0.0012461640900386767,0.012156248067816098,0.012618053729335468,9,11,0.23523518811545444,not resolved
ClassicViterbi_LS,ViterbiNet_on5,9,21,-0.0007804231984274727,0.0004878617989210987,0.00464946935101161,0.0054298925494390814,18,3,0.530745312008772,LS better
ClassicViterbi_LS,VNet_affine,9,21,-0.00038690488962900076,0.0005805173473269291,0.00464946935101161,0.0050363742406406104,13,8,0.4902874535049012,not resolved
ClassicViterbi_LS,ViterbiNet_on5,10,50,-0.00024999988079071043,0.0001272801928478361,0.001526388218005498,0.0017763880987962085,34,15,0.6746640612406238,LS better
ClassicViterbi_LS,VNet_affine,10,50,-0.00011944449941317237,0.00015432469962455608,0.001526388218005498,0.0016458327174186708,25,21,0.6160828625382694,not resolved
ClassicViterbi_LS,ViterbiNet_on5,11,50,-9.305547674496968e-05,6.762007518719059e-05,0.0003152776459852855,0.00040833312273025514,29,14,0.6063164397453277,LS better
ClassicViterbi_LS,VNet_affine,11,50,-8.472217122713725e-05,7.419822889160083e-05,0.0003152776459852855,0.00039999981721242274,26,14,0.5297624658850861,LS better
ClassicViterbi_LS,ViterbiNet_on5,12,50,-4.999998211860656e-05,3.804432071019056e-05,4.8611094554265336e-05,9.861107667287192e-05,14,4,0.48583414384654094,LS better
ClassicViterbi_LS,VNet_affine,12,50,-3.3333341280619305e-05,3.615890959839275e-05,4.8611094554265336e-05,8.194443583488463e-05,12,7,0.3531614448362688,not resolved
ClassicViterbi_LS,ViterbiNet_on5,13,50,-2.777775128682454e-06,1.689765683670035e-05,1.8055548270543416e-05,2.0833323399225868e-05,4,4,0.5281495468307735,not resolved
ClassicViterbi_LS,VNet_affine,13,50,6.9444378217061365e-06,1.1452499834602517e-05,1.8055548270543416e-05,1.111111044883728e-05,1,4,0.7497686721303037,not resolved
ClassicViterbi_LS,ViterbiNet_on5,14,50,-2.777785062789917e-06,1.2583562387686501e-05,2.7777751286824543e-06,5.555560191472371e-06,1,1,-0.020408163265306117,not resolved
ClassicViterbi_LS,VNet_affine,14,50,-2.777785062789917e-06,1.2583562387686501e-05,2.7777751286824543e-06,5.555560191472371e-06,1,1,-0.020408163265306117,not resolved
