receiver,es_n0_db,window,ser,symbol_errors,symbols,frames
le_oracle,12,3,0.1466037326388889,27022,184320,64
le_ls,12,3,0.21092664930555555,38878,184320,64
le_oracle,12,5,0.062841796875,11583,184320,64
le_ls,12,5,0.10470377604166667,19299,184320,64
le_oracle,12,7,0.04560546875,8406,184320,64
le_ls,12,7,0.0883517795138889,16285,184320,64
le_oracle,12,9,0.03795030381944445,6995,184320,64
le_ls,12,9,0.08115776909722222,14959,184320,64
le_oracle,12,11,0.03550889756944445,6545,184320,64
le_ls,12,11,0.08521592881944444,15707,184320,64
le_oracle,12,15,0.03389756944444444,6248,184320,64
le_ls,12,15,0.09367947048611111,17267,184320,64
le_oracle,14,3,0.10811089409722222,19927,184320,64
le_ls,14,3,0.179248046875,33039,184320,64
le_oracle,14,5,0.039946831597222225,7363,184320,64
le_ls,14,5,0.097900390625,18045,184320,64
le_oracle,14,7,0.02556423611111111,4712,184320,64
le_ls,14,7,0.07481011284722222,13789,184320,64
le_oracle,14,9,0.020665147569444445,3809,184320,64
le_ls,14,9,0.06883138020833333,12687,184320,64
le_oracle,14,11,0.018315972222222223,3376,184320,64
le_ls,14,11,0.06605360243055555,12175,184320,64
le_oracle,14,15,0.01667209201388889,3073,184320,64
le_ls,14,15,0.06657986111111111,12272,184320,64
