receiver,es_n0_db,word,window,ser,symbol_errors,symbols,frames
classic_csi,12,1,5,0.012890625,99,7680,64
classic_csi,12,2,5,0.013541666666666667,104,7680,64
classic_csi,12,3,5,0.016276041666666668,125,7680,64
classic_csi,12,4,5,0.012369791666666666,95,7680,64
classic_csi,12,5,5,0.015755208333333333,121,7680,64
classic_csi,12,6,5,0.008463541666666666,65,7680,64
classic_csi,12,7,5,0.008854166666666666,68,7680,64
classic_csi,12,8,5,0.012630208333333334,97,7680,64
classic_csi,12,9,5,0.010416666666666666,80,7680,64
classic_csi,12,10,5,0.010807291666666666,83,7680,64
classic_csi,12,11,5,0.009505208333333333,73,7680,64
classic_csi,12,12,5,0.00859375,66,7680,64
classic_csi,12,13,5,0.011458333333333333,88,7680,64
classic_csi,12,14,5,0.008333333333333333,64,7680,64
classic_csi,12,15,5,0.011197916666666667,86,7680,64
classic_csi,12,16,5,0.0109375,84,7680,64
classic_csi,12,17,5,0.013020833333333334,100,7680,64
classic_csi,12,18,5,0.016015625,123,7680,64
classic_csi,12,19,5,0.013932291666666667,107,7680,64
classic_csi,12,20,5,0.016276041666666668,125,7680,64
classic_csi,12,21,5,0.016666666666666666,128,7680,64
classic_csi,12,22,5,0.015234375,117,7680,64
classic_csi,12,23,5,0.019270833333333334,148,7680,64
classic_csi,12,24,5,0.01796875,138,7680,64
classic_ls,12,1,5,0.020833333333333332,160,7680,64
classic_ls,12,2,5,0.02734375,210,7680,64
classic_ls,12,3,5,0.029947916666666668,230,7680,64
classic_ls,12,4,5,0.030729166666666665,236,7680,64
classic_ls,12,5,5,0.035546875,273,7680,64
classic_ls,12,6,5,0.032942708333333334,253,7680,64
classic_ls,12,7,5,0.025911458333333335,199,7680,64
classic_ls,12,8,5,0.034505208333333336,265,7680,64
classic_ls,12,9,5,0.027083333333333334,208,7680,64
classic_ls,12,10,5,0.03229166666666667,248,7680,64
classic_ls,12,11,5,0.026171875,201,7680,64
classic_ls,12,12,5,0.025520833333333333,196,7680,64
classic_ls,12,13,5,0.024869791666666665,191,7680,64
classic_ls,12,14,5,0.021614583333333333,166,7680,64
classic_ls,12,15,5,0.029817708333333335,229,7680,64
classic_ls,12,16,5,0.026822916666666665,206,7680,64
classic_ls,12,17,5,0.035546875,273,7680,64
classic_ls,12,18,5,0.03606770833333333,277,7680,64
classic_ls,12,19,5,0.030989583333333334,238,7680,64
classic_ls,12,20,5,0.037369791666666666,287,7680,64
classic_ls,12,21,5,0.035416666666666666,272,7680,64
classic_ls,12,22,5,0.040625,312,7680,64
classic_ls,12,23,5,0.04153645833333333,319,7680,64
classic_ls,12,24,5,0.0484375,372,7680,64
tied@5,12,1,5,0.02109375,162,7680,64
tied@5,12,2,5,0.029166666666666667,224,7680,64
tied@5,12,3,5,0.03528645833333333,271,7680,64
tied@5,12,4,5,0.03619791666666667,278,7680,64
tied@5,12,5,5,0.046223958333333336,355,7680,64
tied@5,12,6,5,0.041666666666666664,320,7680,64
tied@5,12,7,5,0.04192708333333333,322,7680,64
tied@5,12,8,5,0.05234375,402,7680,64
tied@5,12,9,5,0.047265625,363,7680,64
tied@5,12,10,5,0.053125,408,7680,64
tied@5,12,11,5,0.05078125,390,7680,64
tied@5,12,12,5,0.04778645833333333,367,7680,64
tied@5,12,13,5,0.04375,336,7680,64
tied@5,12,14,5,0.04388020833333333,337,7680,64
tied@5,12,15,5,0.049088541666666666,377,7680,64
tied@5,12,16,5,0.05026041666666667,386,7680,64
tied@5,12,17,5,0.06354166666666666,488,7680,64
tied@5,12,18,5,0.067578125,519,7680,64
tied@5,12,19,5,0.061848958333333336,475,7680,64
tied@5,12,20,5,0.07291666666666667,560,7680,64
tied@5,12,21,5,0.07513020833333334,577,7680,64
tied@5,12,22,5,0.07526041666666666,578,7680,64
tied@5,12,23,5,0.08111979166666666,623,7680,64
tied@5,12,24,5,0.0859375,660,7680,64
sym_affine@10,12,1,5,0.13567708333333334,1042,7680,64
sym_affine@10,12,2,5,0.14322916666666666,1100,7680,64
sym_affine@10,12,3,5,0.162890625,1251,7680,64
sym_affine@10,12,4,5,0.18684895833333334,1435,7680,64
sym_affine@10,12,5,5,0.20872395833333332,1603,7680,64
sym_affine@10,12,6,5,0.2171875,1668,7680,64
sym_affine@10,12,7,5,0.22994791666666667,1766,7680,64
sym_affine@10,12,8,5,0.22786458333333334,1750,7680,64
sym_affine@10,12,9,5,0.24518229166666666,1883,7680,64
sym_affine@10,12,10,5,0.2576822916666667,1979,7680,64
sym_affine@10,12,11,5,0.2713541666666667,2084,7680,64
sym_affine@10,12,12,5,0.28046875,2154,7680,64
sym_affine@10,12,13,5,0.30221354166666664,2321,7680,64
sym_affine@10,12,14,5,0.30625,2352,7680,64
sym_affine@10,12,15,5,0.31927083333333334,2452,7680,64
sym_affine@10,12,16,5,0.3268229166666667,2510,7680,64
sym_affine@10,12,17,5,0.32981770833333335,2533,7680,64
sym_affine@10,12,18,5,0.34674479166666666,2663,7680,64
sym_affine@10,12,19,5,0.34036458333333336,2614,7680,64
sym_affine@10,12,20,5,0.35638020833333334,2737,7680,64
sym_affine@10,12,21,5,0.35794270833333336,2749,7680,64
sym_affine@10,12,22,5,0.37994791666666666,2918,7680,64
sym_affine@10,12,23,5,0.3765625,2892,7680,64
sym_affine@10,12,24,5,0.391015625,3003,7680,64
sym_eq@30,12,1,9,0.07356770833333333,565,7680,64
sym_eq@30,12,2,9,0.088671875,681,7680,64
sym_eq@30,12,3,9,0.07864583333333333,604,7680,64
sym_eq@30,12,4,9,0.07760416666666667,596,7680,64
sym_eq@30,12,5,9,0.08528645833333333,655,7680,64
sym_eq@30,12,6,9,0.08515625,654,7680,64
sym_eq@30,12,7,9,0.08880208333333334,682,7680,64
sym_eq@30,12,8,9,0.09231770833333333,709,7680,64
sym_eq@30,12,9,9,0.089453125,687,7680,64
sym_eq@30,12,10,9,0.09348958333333333,718,7680,64
sym_eq@30,12,11,9,0.09075520833333334,697,7680,64
sym_eq@30,12,12,9,0.094140625,723,7680,64
sym_eq@30,12,13,9,0.09309895833333333,715,7680,64
sym_eq@30,12,14,9,0.09049479166666667,695,7680,64
sym_eq@30,12,15,9,0.0984375,756,7680,64
sym_eq@30,12,16,9,0.08919270833333333,685,7680,64
sym_eq@30,12,17,9,0.08971354166666666,689,7680,64
sym_eq@30,12,18,9,0.09075520833333334,697,7680,64
sym_eq@30,12,19,9,0.095703125,735,7680,64
sym_eq@30,12,20,9,0.09830729166666667,755,7680,64
sym_eq@30,12,21,9,0.10065104166666666,773,7680,64
sym_eq@30,12,22,9,0.10442708333333334,802,7680,64
sym_eq@30,12,23,9,0.10169270833333334,781,7680,64
sym_eq@30,12,24,9,0.10885416666666667,836,7680,64
le_ls,12,1,9,0.05872395833333333,451,7680,64
le_ls,12,2,9,0.06393229166666667,491,7680,64
le_ls,12,3,9,0.07239583333333334,556,7680,64
le_ls,12,4,9,0.07408854166666666,569,7680,64
le_ls,12,5,9,0.08606770833333334,661,7680,64
le_ls,12,6,9,0.09049479166666667,695,7680,64
le_ls,12,7,9,0.08984375,690,7680,64
le_ls,12,8,9,0.09140625,702,7680,64
le_ls,12,9,9,0.08684895833333334,667,7680,64
le_ls,12,10,9,0.08932291666666667,686,7680,64
le_ls,12,11,9,0.09049479166666667,695,7680,64
le_ls,12,12,9,0.08971354166666666,689,7680,64
le_ls,12,13,9,0.08463541666666667,650,7680,64
le_ls,12,14,9,0.08333333333333333,640,7680,64
le_ls,12,15,9,0.09010416666666667,692,7680,64
le_ls,12,16,9,0.084375,648,7680,64
le_ls,12,17,9,0.0875,672,7680,64
le_ls,12,18,9,0.09309895833333333,715,7680,64
le_ls,12,19,9,0.09505208333333333,730,7680,64
le_ls,12,20,9,0.105078125,807,7680,64
le_ls,12,21,9,0.10091145833333333,775,7680,64
le_ls,12,22,9,0.09934895833333333,763,7680,64
le_ls,12,23,9,0.09921875,762,7680,64
le_ls,12,24,9,0.11184895833333333,859,7680,64
classic_csi,14,1,5,0.005208333333333333,40,7680,64
classic_csi,14,2,5,0.004296875,33,7680,64
classic_csi,14,3,5,0.004166666666666667,32,7680,64
classic_csi,14,4,5,0.002994791666666667,23,7680,64
classic_csi,14,5,5,0.0032552083333333335,25,7680,64
classic_csi,14,6,5,0.010026041666666667,77,7680,64
classic_csi,14,7,5,0.0069010416666666664,53,7680,64
classic_csi,14,8,5,0.008723958333333334,67,7680,64
classic_csi,14,9,5,0.005989583333333334,46,7680,64
classic_csi,14,10,5,0.005598958333333333,43,7680,64
classic_csi,14,11,5,0.007552083333333333,58,7680,64
classic_csi,14,12,5,0.008463541666666666,65,7680,64
classic_csi,14,13,5,0.008723958333333334,67,7680,64
classic_csi,14,14,5,0.011067708333333334,85,7680,64
classic_csi,14,15,5,0.00625,48,7680,64
classic_csi,14,16,5,0.003515625,27,7680,64
classic_csi,14,17,5,0.00703125,54,7680,64
classic_csi,14,18,5,0.0069010416666666664,53,7680,64
classic_csi,14,19,5,0.0069010416666666664,53,7680,64
classic_csi,14,20,5,0.0067708333333333336,52,7680,64
classic_csi,14,21,5,0.0067708333333333336,52,7680,64
classic_csi,14,22,5,0.011588541666666667,89,7680,64
classic_csi,14,23,5,0.011458333333333333,88,7680,64
classic_csi,14,24,5,0.005338541666666667,41,7680,64
classic_ls,14,1,5,0.0109375,84,7680,64
classic_ls,14,2,5,0.014322916666666666,110,7680,64
classic_ls,14,3,5,0.01015625,78,7680,64
classic_ls,14,4,5,0.01328125,102,7680,64
classic_ls,14,5,5,0.016145833333333335,124,7680,64
classic_ls,14,6,5,0.021223958333333334,163,7680,64
classic_ls,14,7,5,0.024739583333333332,190,7680,64
classic_ls,14,8,5,0.03125,240,7680,64
classic_ls,14,9,5,0.033854166666666664,260,7680,64
classic_ls,14,10,5,0.0359375,276,7680,64
classic_ls,14,11,5,0.027994791666666668,215,7680,64
classic_ls,14,12,5,0.019921875,153,7680,64
classic_ls,14,13,5,0.029296875,225,7680,64
classic_ls,14,14,5,0.034375,264,7680,64
classic_ls,14,15,5,0.030859375,237,7680,64
classic_ls,14,16,5,0.03359375,258,7680,64
classic_ls,14,17,5,0.03815104166666667,293,7680,64
classic_ls,14,18,5,0.037369791666666666,287,7680,64
classic_ls,14,19,5,0.04596354166666667,353,7680,64
classic_ls,14,20,5,0.0375,288,7680,64
classic_ls,14,21,5,0.033854166666666664,260,7680,64
classic_ls,14,22,5,0.040625,312,7680,64
classic_ls,14,23,5,0.03919270833333333,301,7680,64
classic_ls,14,24,5,0.031901041666666664,245,7680,64
tied@5,14,1,5,0.011458333333333333,88,7680,64
tied@5,14,2,5,0.014192708333333333,109,7680,64
tied@5,14,3,5,0.01328125,102,7680,64
tied@5,14,4,5,0.015625,120,7680,64
tied@5,14,5,5,0.019010416666666665,146,7680,64
tied@5,14,6,5,0.02734375,210,7680,64
tied@5,14,7,5,0.029817708333333335,229,7680,64
tied@5,14,8,5,0.035416666666666666,272,7680,64
tied@5,14,9,5,0.043359375,333,7680,64
tied@5,14,10,5,0.04973958333333333,382,7680,64
tied@5,14,11,5,0.04453125,342,7680,64
tied@5,14,12,5,0.037369791666666666,287,7680,64
tied@5,14,13,5,0.04635416666666667,356,7680,64
tied@5,14,14,5,0.049479166666666664,380,7680,64
tied@5,14,15,5,0.04388020833333333,337,7680,64
tied@5,14,16,5,0.041666666666666664,320,7680,64
tied@5,14,17,5,0.04635416666666667,356,7680,64
tied@5,14,18,5,0.04895833333333333,376,7680,64
tied@5,14,19,5,0.06328125,486,7680,64
tied@5,14,20,5,0.055989583333333336,430,7680,64
tied@5,14,21,5,0.05872395833333333,451,7680,64
tied@5,14,22,5,0.05572916666666667,428,7680,64
tied@5,14,23,5,0.057942708333333336,445,7680,64
tied@5,14,24,5,0.05221354166666667,401,7680,64
sym_affine@10,14,1,5,0.08580729166666666,659,7680,64
sym_affine@10,14,2,5,0.09921875,762,7680,64
sym_affine@10,14,3,5,0.105078125,807,7680,64
sym_affine@10,14,4,5,0.108203125,831,7680,64
sym_affine@10,14,5,5,0.13190104166666666,1013,7680,64
sym_affine@10,14,6,5,0.13880208333333333,1066,7680,64
sym_affine@10,14,7,5,0.15247395833333333,1171,7680,64
sym_affine@10,14,8,5,0.18072916666666666,1388,7680,64
sym_affine@10,14,9,5,0.19388020833333333,1489,7680,64
sym_affine@10,14,10,5,0.21432291666666667,1646,7680,64
sym_affine@10,14,11,5,0.20768229166666666,1595,7680,64
sym_affine@10,14,12,5,0.21041666666666667,1616,7680,64
sym_affine@10,14,13,5,0.22864583333333333,1756,7680,64
sym_affine@10,14,14,5,0.2390625,1836,7680,64
sym_affine@10,14,15,5,0.25104166666666666,1928,7680,64
sym_affine@10,14,16,5,0.25091145833333334,1927,7680,64
sym_affine@10,14,17,5,0.2610677083333333,2005,7680,64
sym_affine@10,14,18,5,0.2630208333333333,2020,7680,64
sym_affine@10,14,19,5,0.25859375,1986,7680,64
sym_affine@10,14,20,5,0.2518229166666667,1934,7680,64
sym_affine@10,14,21,5,0.27239583333333334,2092,7680,64
sym_affine@10,14,22,5,0.27682291666666664,2126,7680,64
sym_affine@10,14,23,5,0.27591145833333336,2119,7680,64
sym_affine@10,14,24,5,0.28489583333333335,2188,7680,64
sym_eq@30,14,1,9,0.06510416666666667,500,7680,64
sym_eq@30,14,2,9,0.07591145833333333,583,7680,64
sym_eq@30,14,3,9,0.06888020833333333,529,7680,64
sym_eq@30,14,4,9,0.06302083333333333,484,7680,64
sym_eq@30,14,5,9,0.07005208333333333,538,7680,64
sym_eq@30,14,6,9,0.07330729166666666,563,7680,64
sym_eq@30,14,7,9,0.07317708333333334,562,7680,64
sym_eq@30,14,8,9,0.07916666666666666,608,7680,64
sym_eq@30,14,9,9,0.07864583333333333,604,7680,64
sym_eq@30,14,10,9,0.07734375,594,7680,64
sym_eq@30,14,11,9,0.08020833333333334,616,7680,64
sym_eq@30,14,12,9,0.07682291666666667,590,7680,64
sym_eq@30,14,13,9,0.08736979166666667,671,7680,64
sym_eq@30,14,14,9,0.07903645833333334,607,7680,64
sym_eq@30,14,15,9,0.07890625,606,7680,64
sym_eq@30,14,16,9,0.07486979166666667,575,7680,64
sym_eq@30,14,17,9,0.06783854166666667,521,7680,64
sym_eq@30,14,18,9,0.08203125,630,7680,64
sym_eq@30,14,19,9,0.083203125,639,7680,64
sym_eq@30,14,20,9,0.08880208333333334,682,7680,64
sym_eq@30,14,21,9,0.08541666666666667,656,7680,64
sym_eq@30,14,22,9,0.09075520833333334,697,7680,64
sym_eq@30,14,23,9,0.0921875,708,7680,64
sym_eq@30,14,24,9,0.09231770833333333,709,7680,64
le_ls,14,1,9,0.049088541666666666,377,7680,64
le_ls,14,2,9,0.059895833333333336,460,7680,64
le_ls,14,3,9,0.058854166666666666,452,7680,64
le_ls,14,4,9,0.060807291666666666,467,7680,64
le_ls,14,5,9,0.06783854166666667,521,7680,64
le_ls,14,6,9,0.075,576,7680,64
le_ls,14,7,9,0.07552083333333333,580,7680,64
le_ls,14,8,9,0.08346354166666667,641,7680,64
le_ls,14,9,9,0.08138020833333333,625,7680,64
le_ls,14,10,9,0.08151041666666667,626,7680,64
le_ls,14,11,9,0.0890625,684,7680,64
le_ls,14,12,9,0.08489583333333334,652,7680,64
le_ls,14,13,9,0.09453125,726,7680,64
le_ls,14,14,9,0.08658854166666667,665,7680,64
le_ls,14,15,9,0.078125,600,7680,64
le_ls,14,16,9,0.08255208333333333,634,7680,64
le_ls,14,17,9,0.07604166666666666,584,7680,64
le_ls,14,18,9,0.08828125,678,7680,64
le_ls,14,19,9,0.08450520833333333,649,7680,64
le_ls,14,20,9,0.087890625,675,7680,64
le_ls,14,21,9,0.08177083333333333,628,7680,64
le_ls,14,22,9,0.08841145833333333,679,7680,64
le_ls,14,23,9,0.08997395833333334,691,7680,64
le_ls,14,24,9,0.090625,696,7680,64
