receiver,params,es_n0_db,pilot_words,pilot_iters,ser,symbol_errors,symbols,frames
classic_ls,7,14,1,200,0.0006076388888888889,56,92160,32
tied@5,7,14,1,200,0.0005967881944444445,55,92160,32
affine@10,192,14,1,200,0.24340277777777777,22432,92160,32
mlp@10,9934,14,1,200,0.4111545138888889,37892,92160,32
classic_ls,7,14,1,2000,0.0006076388888888889,56,92160,32
tied@5,7,14,1,2000,0.0007269965277777778,67,92160,32
affine@10,192,14,1,2000,0.12748480902777778,11749,92160,32
mlp@10,9934,14,1,2000,0.44013671875,40563,92160,32
classic_ls,7,14,2,200,0.0006227355072463768,55,88320,32
tied@5,7,14,2,200,0.000600090579710145,53,88320,32
affine@10,192,14,2,200,0.09757699275362319,8618,88320,32
mlp@10,9934,14,2,200,0.10261548913043478,9063,88320,32
classic_ls,7,14,2,2000,0.0006227355072463768,55,88320,32
tied@5,7,14,2,2000,0.0008378623188405797,74,88320,32
affine@10,192,14,2,2000,0.029200634057971013,2579,88320,32
mlp@10,9934,14,2,2000,0.15814085144927537,13967,88320,32
classic_ls,7,14,5,200,0.000546875,42,76800,32
tied@5,7,14,5,200,0.0005729166666666667,44,76800,32
affine@10,192,14,5,200,0.017356770833333333,1333,76800,32
mlp@10,9934,14,5,200,0.10032552083333333,7705,76800,32
classic_ls,7,14,5,2000,0.000546875,42,76800,32
tied@5,7,14,5,2000,0.0008072916666666667,62,76800,32
affine@10,192,14,5,2000,0.001171875,90,76800,32
mlp@10,9934,14,5,2000,0.13811197916666668,10607,76800,32
classic_ls,7,14,10,200,0.00045138888888888887,26,57600,32
tied@5,7,14,10,200,0.0006076388888888889,35,57600,32
affine@10,192,14,10,200,0.02095486111111111,1207,57600,32
mlp@10,9934,14,10,200,0.13326388888888888,7676,57600,32
classic_ls,7,14,10,2000,0.00045138888888888887,26,57600,32
tied@5,7,14,10,2000,0.0006944444444444445,40,57600,32
affine@10,192,14,10,2000,0.0009375,54,57600,32
mlp@10,9934,14,10,2000,0.1297222222222222,7472,57600,32
