classic_csi,0,0.0002,10,0.032948133680555554,6073,184320,64,25,1,,0.01,5
classic_ls,0,0.0002,10,0.18775499131944445,34607,184320,64,25,1,,0.01,5
tied@5,7,0.0002,10,0.20565321180555557,37906,184320,64,25,1,5,0.01,5
tied_mlp@5,88,0.0002,10,0.25847439236111114,47642,184320,64,25,1,5,0.01,5
le_ls,0,0.0002,10,0.3068901909722222,56566,184320,64,25,1,,0.03,9
sym_eq@30,21,0.0002,10,0.3340928819444444,61580,184320,64,25,1,30,0.03,9
receiver,params,doppler,es_n0_db,ser,symbol_errors,symbols,frames,words,pilot_words,online_iters,dd_lr,sym_window
classic_csi,0,0.0002,16,0.0024739583333333332,456,184320,64,25,1,,0.01,5
classic_ls,0,0.0002,16,0.051502821180555554,9493,184320,64,25,1,,0.01,5
tied@5,7,0.0002,16,0.03920355902777778,7226,184320,64,25,1,5,0.01,5
tied_mlp@5,88,0.0002,16,0.051041666666666666,9408,184320,64,25,1,5,0.01,5
le_ls,0,0.0002,16,0.11653103298611112,21479,184320,64,25,1,,0.03,9
sym_eq@30,21,0.0002,16,0.13321940104166666,24555,184320,64,25,1,30,0.03,9
classic_csi,0,0.0005,10,0.03765733506944444,6941,184320,64,25,1,,0.01,5
classic_ls,0,0.0005,10,0.6130099826388888,112990,184320,64,25,1,,0.01,5
tied@5,7,0.0005,10,0.6385579427083333,117699,184320,64,25,1,5,0.01,5
tied_mlp@5,88,0.0005,10,0.643359375,118584,184320,64,25,1,5,0.01,5
le_ls,0,0.0005,10,0.6459092881944445,119054,184320,64,25,1,,0.03,9
sym_eq@30,21,0.0005,10,0.6472493489583333,119301,184320,64,25,1,30,0.03,9
classic_csi,0,0.0005,16,0.0018663194444444445,344,184320,64,25,1,,0.01,5
classic_ls,0,0.0005,16,0.45950520833333336,84696,184320,64,25,1,,0.01,5
tied@5,7,0.0005,16,0.5787706163194445,106679,184320,64,25,1,5,0.01,5
tied_mlp@5,88,0.0005,16,0.5950846354166667,109686,184320,64,25,1,5,0.01,5
le_ls,0,0.0005,16,0.578564453125,106641,184320,64,25,1,,0.03,9
sym_eq@30,21,0.0005,16,0.5870279947916667,108201,184320,64,25,1,30,0.03,9
classic_csi,0,0.001,10,0.03935546875,7254,184320,64,25,1,,0.01,5
classic_ls,0,0.001,10,0.7136664496527778,131543,184320,64,25,1,,0.01,5
tied@5,7,0.001,10,0.7217122395833333,133026,184320,64,25,1,5,0.01,5
tied_mlp@5,88,0.001,10,0.7174533420138889,132241,184320,64,25,1,5,0.01,5
le_ls,0,0.001,10,0.7170301649305556,132163,184320,64,25,1,,0.03,9
sym_eq@30,21,0.001,10,0.7167860243055556,132118,184320,64,25,1,30,0.03,9
